648,TYPE,FIELD,BITS,UNIT,CONVERSION,MODULE,MODULE_NUM,MODULE_LINE,LINE_TYPE,SHORT_NAME,DESCRIPTION
0,ADCSLog,B0,8,-,0,NONE,0,0,0,Data,Opaque data from radiation experiment
1,ADCSLog,B1,8,-,0,NONE,0,0,0,Data,Opaque data from radiation experiment
2,ADCSLog,B2,8,-,0,NONE,0,0,0,Data,Opaque data from radiation experiment
3,ADCSLog,B3,8,-,0,NONE,0,0,0,Data,Opaque data from radiation experiment
4,ADCSLog,B4,8,-,0,NONE,0,0,0,Data,Opaque data from radiation experiment
5,ADCSLog,B5,8,-,0,NONE,0,0,0,Data,Opaque data from radiation experiment
6,ADCSLog,B6,8,-,0,NONE,0,0,0,Data,Opaque data from radiation experiment
7,ADCSLog,B7,8,-,0,NONE,0,0,0,Data,Opaque data from radiation experiment
8,ADCSLog,B8,8,-,0,NONE,0,0,0,Data,Opaque data from radiation experiment
9,ADCSLog,B9,8,-,0,NONE,0,0,0,Data,Opaque data from radiation experiment
10,ADCSLog,B10,8,-,0,NONE,0,0,0,Data,Opaque data from radiation experiment
11,ADCSLog,B11,8,-,0,NONE,0,0,0,Data,Opaque data from radiation experiment
12,ADCSLog,B12,8,-,0,NONE,0,0,0,Data,Opaque data from radiation experiment
13,ADCSLog,B13,8,-,0,NONE,0,0,0,Data,Opaque data from radiation experiment
14,ADCSLog,B14,8,-,0,NONE,0,0,0,Data,Opaque data from radiation experiment
15,ADCSLog,B15,8,-,0,NONE,0,0,0,Data,Opaque data from radiation experiment
16,ADCSLog,B16,8,-,0,NONE,0,0,0,Data,Opaque data from radiation experiment
17,ADCSLog,B17,8,-,0,NONE,0,0,0,Data,Opaque data from radiation experiment
18,ADCSLog,B18,8,-,0,NONE,0,0,0,Data,Opaque data from radiation experiment
19,ADCSLog,B19,8,-,0,NONE,0,0,0,Data,Opaque data from radiation experiment
20,ADCSLog,B20,8,-,0,NONE,0,0,0,Data,Opaque data from radiation experiment
21,ADCSLog,B21,8,-,0,NONE,0,0,0,Data,Opaque data from radiation experiment
22,ADCSLog,B22,8,-,0,NONE,0,0,0,Data,Opaque data from radiation experiment
23,ADCSLog,B23,8,-,0,NONE,0,0,0,Data,Opaque data from radiation experiment
24,ADCSLog,B24,8,-,0,NONE,0,0,0,Data,Opaque data from radiation experiment
25,ADCSLog,B25,8,-,0,NONE,0,0,0,Data,Opaque data from radiation experiment
26,ADCSLog,B26,8,-,0,NONE,0,0,0,Data,Opaque data from radiation experiment
27,ADCSLog,B27,8,-,0,NONE,0,0,0,Data,Opaque data from radiation experiment
28,ADCSLog,B28,8,-,0,NONE,0,0,0,Data,Opaque data from radiation experiment
29,ADCSLog,B29,8,-,0,NONE,0,0,0,Data,Opaque data from radiation experiment
30,ADCSLog,B30,8,-,0,NONE,0,0,0,Data,Opaque data from radiation experiment
31,ADCSLog,B31,8,-,0,NONE,0,0,0,Data,Opaque data from radiation experiment
32,ADCSLog,B32,8,-,0,NONE,0,0,0,Data,Opaque data from radiation experiment
33,ADCSLog,B33,8,-,0,NONE,0,0,0,Data,Opaque data from radiation experiment
34,ADCSLog,B34,8,-,0,NONE,0,0,0,Data,Opaque data from radiation experiment
35,ADCSLog,B35,8,-,0,NONE,0,0,0,Data,Opaque data from radiation experiment
36,ADCSLog,B36,8,-,0,NONE,0,0,0,Data,Opaque data from radiation experiment
37,ADCSLog,B37,8,-,0,NONE,0,0,0,Data,Opaque data from radiation experiment
38,ADCSLog,B38,8,-,0,NONE,0,0,0,Data,Opaque data from radiation experiment
39,ADCSLog,B39,8,-,0,NONE,0,0,0,Data,Opaque data from radiation experiment
40,ADCSLog,B40,8,-,0,NONE,0,0,0,Data,Opaque data from radiation experiment
41,ADCSLog,B41,8,-,0,NONE,0,0,0,Data,Opaque data from radiation experiment
42,ADCSLog,B42,8,-,0,NONE,0,0,0,Data,Opaque data from radiation experiment
43,ADCSLog,B43,8,-,0,NONE,0,0,0,Data,Opaque data from radiation experiment
44,ADCSLog,B44,8,-,0,NONE,0,0,0,Data,Opaque data from radiation experiment
45,ADCSLog,B45,8,-,0,NONE,0,0,0,Data,Opaque data from radiation experiment
46,ADCSLog,B46,8,-,0,NONE,0,0,0,Data,Opaque data from radiation experiment
47,ADCSLog,B47,8,-,0,NONE,0,0,0,Data,Opaque data from radiation experiment
48,ADCSLog,B48,8,-,0,NONE,0,0,0,Data,Opaque data from radiation experiment
49,ADCSLog,B49,8,-,0,NONE,0,0,0,Data,Opaque data from radiation experiment
50,ADCSLog,B50,8,-,0,NONE,0,0,0,Data,Opaque data from radiation experiment
51,ADCSLog,B51,8,-,0,NONE,0,0,0,Data,Opaque data from radiation experiment
52,ADCSLog,B52,8,-,0,NONE,0,0,0,Data,Opaque data from radiation experiment
53,ADCSLog,B53,8,-,0,NONE,0,0,0,Data,Opaque data from radiation experiment
54,ADCSLog,B54,8,-,0,NONE,0,0,0,Data,Opaque data from radiation experiment
55,ADCSLog,B55,8,-,0,NONE,0,0,0,Data,Opaque data from radiation experiment
56,ADCSLog,B56,8,-,0,NONE,0,0,0,Data,Opaque data from radiation experiment
57,ADCSLog,B57,8,-,0,NONE,0,0,0,Data,Opaque data from radiation experiment
58,ADCSLog,B58,8,-,0,NONE,0,0,0,Data,Opaque data from radiation experiment
59,ADCSLog,B59,8,-,0,NONE,0,0,0,Data,Opaque data from radiation experiment
60,ADCSLog,B60,8,-,0,NONE,0,0,0,Data,Opaque data from radiation experiment
61,ADCSLog,B61,8,-,0,NONE,0,0,0,Data,Opaque data from radiation experiment
62,ADCSLog,B62,8,-,0,NONE,0,0,0,Data,Opaque data from radiation experiment
63,ADCSLog,B63,8,-,0,NONE,0,0,0,Data,Opaque data from radiation experiment
64,ADCSLog,B64,8,-,0,NONE,0,0,0,Data,Opaque data from radiation experiment
65,ADCSLog,B65,8,-,0,NONE,0,0,0,Data,Opaque data from radiation experiment
66,ADCSLog,B66,8,-,0,NONE,0,0,0,Data,Opaque data from radiation experiment
67,ADCSLog,B67,8,-,0,NONE,0,0,0,Data,Opaque data from radiation experiment
68,ADCSLog,B68,8,-,0,NONE,0,0,0,Data,Opaque data from radiation experiment
69,ADCSLog,B69,8,-,0,NONE,0,0,0,Data,Opaque data from radiation experiment
70,ADCSLog,B70,8,-,0,NONE,0,0,0,Data,Opaque data from radiation experiment
71,ADCSLog,B71,8,-,0,NONE,0,0,0,Data,Opaque data from radiation experiment
72,ADCSLog,B72,8,-,0,NONE,0,0,0,Data,Opaque data from radiation experiment
73,ADCSLog,B73,8,-,0,NONE,0,0,0,Data,Opaque data from radiation experiment
74,ADCSLog,B74,8,-,0,NONE,0,0,0,Data,Opaque data from radiation experiment
75,ADCSLog,B75,8,-,0,NONE,0,0,0,Data,Opaque data from radiation experiment
76,ADCSLog,B76,8,-,0,NONE,0,0,0,Data,Opaque data from radiation experiment
77,ADCSLog,B77,8,-,0,NONE,0,0,0,Data,Opaque data from radiation experiment
78,ADCSLog,B78,8,-,0,NONE,0,0,0,Data,Opaque data from radiation experiment
79,ADCSLog,B79,8,-,0,NONE,0,0,0,Data,Opaque data from radiation experiment
80,ADCSLog,B80,8,-,0,NONE,0,0,0,Data,Opaque data from radiation experiment
81,ADCSLog,B81,8,-,0,NONE,0,0,0,Data,Opaque data from radiation experiment
82,ADCSLog,B82,8,-,0,NONE,0,0,0,Data,Opaque data from radiation experiment
83,ADCSLog,B83,8,-,0,NONE,0,0,0,Data,Opaque data from radiation experiment
84,ADCSLog,B84,8,-,0,NONE,0,0,0,Data,Opaque data from radiation experiment
85,ADCSLog,B85,8,-,0,NONE,0,0,0,Data,Opaque data from radiation experiment
86,ADCSLog,B86,8,-,0,NONE,0,0,0,Data,Opaque data from radiation experiment
87,ADCSLog,B87,8,-,0,NONE,0,0,0,Data,Opaque data from radiation experiment
88,ADCSLog,B88,8,-,0,NONE,0,0,0,Data,Opaque data from radiation experiment
89,ADCSLog,B89,8,-,0,NONE,0,0,0,Data,Opaque data from radiation experiment
90,ADCSLog,B90,8,-,0,NONE,0,0,0,Data,Opaque data from radiation experiment
91,ADCSLog,B91,8,-,0,NONE,0,0,0,Data,Opaque data from radiation experiment
92,ADCSLog,B92,8,-,0,NONE,0,0,0,Data,Opaque data from radiation experiment
93,ADCSLog,B93,8,-,0,NONE,0,0,0,Data,Opaque data from radiation experiment
94,ADCSLog,B94,8,-,0,NONE,0,0,0,Data,Opaque data from radiation experiment
95,ADCSLog,B95,8,-,0,NONE,0,0,0,Data,Opaque data from radiation experiment
96,ADCSLog,B96,8,-,0,NONE,0,0,0,Data,Opaque data from radiation experiment
97,ADCSLog,B97,8,-,0,NONE,0,0,0,Data,Opaque data from radiation experiment
98,ADCSLog,B98,8,-,0,NONE,0,0,0,Data,Opaque data from radiation experiment
99,ADCSLog,B99,8,-,0,NONE,0,0,0,Data,Opaque data from radiation experiment
100,ADCSLog,B100,8,-,0,NONE,0,0,0,Data,Opaque data from radiation experiment
101,ADCSLog,B101,8,-,0,NONE,0,0,0,Data,Opaque data from radiation experiment
102,ADCSLog,B102,8,-,0,NONE,0,0,0,Data,Opaque data from radiation experiment
103,ADCSLog,B103,8,-,0,NONE,0,0,0,Data,Opaque data from radiation experiment
104,ADCSLog,B104,8,-,0,NONE,0,0,0,Data,Opaque data from radiation experiment
105,ADCSLog,B105,8,-,0,NONE,0,0,0,Data,Opaque data from radiation experiment
106,ADCSLog,B106,8,-,0,NONE,0,0,0,Data,Opaque data from radiation experiment
107,ADCSLog,B107,8,-,0,NONE,0,0,0,Data,Opaque data from radiation experiment
108,ADCSLog,B108,8,-,0,NONE,0,0,0,Data,Opaque data from radiation experiment
109,ADCSLog,B109,8,-,0,NONE,0,0,0,Data,Opaque data from radiation experiment
110,ADCSLog,B110,8,-,0,NONE,0,0,0,Data,Opaque data from radiation experiment
111,ADCSLog,B111,8,-,0,NONE,0,0,0,Data,Opaque data from radiation experiment
112,ADCSLog,B112,8,-,0,NONE,0,0,0,Data,Opaque data from radiation experiment
113,ADCSLog,B113,8,-,0,NONE,0,0,0,Data,Opaque data from radiation experiment
114,ADCSLog,B114,8,-,0,NONE,0,0,0,Data,Opaque data from radiation experiment
115,ADCSLog,B115,8,-,0,NONE,0,0,0,Data,Opaque data from radiation experiment
116,ADCSLog,B116,8,-,0,NONE,0,0,0,Data,Opaque data from radiation experiment
117,ADCSLog,B117,8,-,0,NONE,0,0,0,Data,Opaque data from radiation experiment
118,ADCSLog,B118,8,-,0,NONE,0,0,0,Data,Opaque data from radiation experiment
119,ADCSLog,B119,8,-,0,NONE,0,0,0,Data,Opaque data from radiation experiment
120,ADCSLog,B120,8,-,0,NONE,0,0,0,Data,Opaque data from radiation experiment
121,ADCSLog,B121,8,-,0,NONE,0,0,0,Data,Opaque data from radiation experiment
122,ADCSLog,B122,8,-,0,NONE,0,0,0,Data,Opaque data from radiation experiment
123,ADCSLog,B123,8,-,0,NONE,0,0,0,Data,Opaque data from radiation experiment
124,ADCSLog,B124,8,-,0,NONE,0,0,0,Data,Opaque data from radiation experiment
125,ADCSLog,B125,8,-,0,NONE,0,0,0,Data,Opaque data from radiation experiment
126,ADCSLog,B126,8,-,0,NONE,0,0,0,Data,Opaque data from radiation experiment
127,ADCSLog,B127,8,-,0,NONE,0,0,0,Data,Opaque data from radiation experiment
128,ADCSLog,B128,8,-,0,NONE,0,0,0,Data,Opaque data from radiation experiment
129,ADCSLog,B129,8,-,0,NONE,0,0,0,Data,Opaque data from radiation experiment
130,ADCSLog,B130,8,-,0,NONE,0,0,0,Data,Opaque data from radiation experiment
131,ADCSLog,B131,8,-,0,NONE,0,0,0,Data,Opaque data from radiation experiment
132,ADCSLog,B132,8,-,0,NONE,0,0,0,Data,Opaque data from radiation experiment
133,ADCSLog,B133,8,-,0,NONE,0,0,0,Data,Opaque data from radiation experiment
134,ADCSLog,B134,8,-,0,NONE,0,0,0,Data,Opaque data from radiation experiment
135,ADCSLog,B135,8,-,0,NONE,0,0,0,Data,Opaque data from radiation experiment
136,ADCSLog,B136,8,-,0,NONE,0,0,0,Data,Opaque data from radiation experiment
137,ADCSLog,B137,8,-,0,NONE,0,0,0,Data,Opaque data from radiation experiment
138,ADCSLog,B138,8,-,0,NONE,0,0,0,Data,Opaque data from radiation experiment
139,ADCSLog,B139,8,-,0,NONE,0,0,0,Data,Opaque data from radiation experiment
140,ADCSLog,B140,8,-,0,NONE,0,0,0,Data,Opaque data from radiation experiment
141,ADCSLog,B141,8,-,0,NONE,0,0,0,Data,Opaque data from radiation experiment
142,ADCSLog,B142,8,-,0,NONE,0,0,0,Data,Opaque data from radiation experiment
143,ADCSLog,B143,8,-,0,NONE,0,0,0,Data,Opaque data from radiation experiment
144,ADCSLog,B144,8,-,0,NONE,0,0,0,Data,Opaque data from radiation experiment
145,ADCSLog,B145,8,-,0,NONE,0,0,0,Data,Opaque data from radiation experiment
146,ADCSLog,B146,8,-,0,NONE,0,0,0,Data,Opaque data from radiation experiment
147,ADCSLog,B147,8,-,0,NONE,0,0,0,Data,Opaque data from radiation experiment
148,ADCSLog,B148,8,-,0,NONE,0,0,0,Data,Opaque data from radiation experiment
149,ADCSLog,B149,8,-,0,NONE,0,0,0,Data,Opaque data from radiation experiment
150,ADCSLog,B150,8,-,0,NONE,0,0,0,Data,Opaque data from radiation experiment
151,ADCSLog,B151,8,-,0,NONE,0,0,0,Data,Opaque data from radiation experiment
152,ADCSLog,B152,8,-,0,NONE,0,0,0,Data,Opaque data from radiation experiment
153,ADCSLog,B153,8,-,0,NONE,0,0,0,Data,Opaque data from radiation experiment
154,ADCSLog,B154,8,-,0,NONE,0,0,0,Data,Opaque data from radiation experiment
155,ADCSLog,B155,8,-,0,NONE,0,0,0,Data,Opaque data from radiation experiment
156,ADCSLog,B156,8,-,0,NONE,0,0,0,Data,Opaque data from radiation experiment
157,ADCSLog,B157,8,-,0,NONE,0,0,0,Data,Opaque data from radiation experiment
158,ADCSLog,B158,8,-,0,NONE,0,0,0,Data,Opaque data from radiation experiment
159,ADCSLog,B159,8,-,0,NONE,0,0,0,Data,Opaque data from radiation experiment
160,ADCSLog,B160,8,-,0,NONE,0,0,0,Data,Opaque data from radiation experiment
161,ADCSLog,B161,8,-,0,NONE,0,0,0,Data,Opaque data from radiation experiment
162,ADCSLog,B162,8,-,0,NONE,0,0,0,Data,Opaque data from radiation experiment
163,ADCSLog,B163,8,-,0,NONE,0,0,0,Data,Opaque data from radiation experiment
164,ADCSLog,B164,8,-,0,NONE,0,0,0,Data,Opaque data from radiation experiment
165,ADCSLog,B165,8,-,0,NONE,0,0,0,Data,Opaque data from radiation experiment
166,ADCSLog,B166,8,-,0,NONE,0,0,0,Data,Opaque data from radiation experiment
167,ADCSLog,B167,8,-,0,NONE,0,0,0,Data,Opaque data from radiation experiment
168,ADCSLog,B168,8,-,0,NONE,0,0,0,Data,Opaque data from radiation experiment
169,ADCSLog,B169,8,-,0,NONE,0,0,0,Data,Opaque data from radiation experiment
170,ADCSLog,B170,8,-,0,NONE,0,0,0,Data,Opaque data from radiation experiment
171,ADCSLog,B171,8,-,0,NONE,0,0,0,Data,Opaque data from radiation experiment
172,ADCSLog,B172,8,-,0,NONE,0,0,0,Data,Opaque data from radiation experiment
173,ADCSLog,B173,8,-,0,NONE,0,0,0,Data,Opaque data from radiation experiment
174,ADCSLog,B174,8,-,0,NONE,0,0,0,Data,Opaque data from radiation experiment
175,ADCSLog,B175,8,-,0,NONE,0,0,0,Data,Opaque data from radiation experiment
176,ADCSLog,B176,8,-,0,NONE,0,0,0,Data,Opaque data from radiation experiment
177,ADCSLog,B177,8,-,0,NONE,0,0,0,Data,Opaque data from radiation experiment
178,ADCSLog,B178,8,-,0,NONE,0,0,0,Data,Opaque data from radiation experiment
179,ADCSLog,B179,8,-,0,NONE,0,0,0,Data,Opaque data from radiation experiment
180,ADCSLog,B180,8,-,0,NONE,0,0,0,Data,Opaque data from radiation experiment
181,ADCSLog,B181,8,-,0,NONE,0,0,0,Data,Opaque data from radiation experiment
182,ADCSLog,B182,8,-,0,NONE,0,0,0,Data,Opaque data from radiation experiment
183,ADCSLog,B183,8,-,0,NONE,0,0,0,Data,Opaque data from radiation experiment
184,ADCSLog,B184,8,-,0,NONE,0,0,0,Data,Opaque data from radiation experiment
185,ADCSLog,B185,8,-,0,NONE,0,0,0,Data,Opaque data from radiation experiment
186,ADCSLog,B186,8,-,0,NONE,0,0,0,Data,Opaque data from radiation experiment
187,ADCSLog,B187,8,-,0,NONE,0,0,0,Data,Opaque data from radiation experiment
188,ADCSLog,B188,8,-,0,NONE,0,0,0,Data,Opaque data from radiation experiment
189,ADCSLog,B189,8,-,0,NONE,0,0,0,Data,Opaque data from radiation experiment
190,ADCSLog,B190,8,-,0,NONE,0,0,0,Data,Opaque data from radiation experiment
191,ADCSLog,B191,8,-,0,NONE,0,0,0,Data,Opaque data from radiation experiment
192,ADCSLog,B192,8,-,0,NONE,0,0,0,Data,Opaque data from radiation experiment
193,ADCSLog,B193,8,-,0,NONE,0,0,0,Data,Opaque data from radiation experiment
194,ADCSLog,B194,8,-,0,NONE,0,0,0,Data,Opaque data from radiation experiment
195,ADCSLog,B195,8,-,0,NONE,0,0,0,Data,Opaque data from radiation experiment
196,ADCSLog,B196,8,-,0,NONE,0,0,0,Data,Opaque data from radiation experiment
197,ADCSLog,B197,8,-,0,NONE,0,0,0,Data,Opaque data from radiation experiment
198,ADCSLog,B198,8,-,0,NONE,0,0,0,Data,Opaque data from radiation experiment
199,ADCSLog,B199,8,-,0,NONE,0,0,0,Data,Opaque data from radiation experiment
200,ADCSLog,B200,8,-,0,NONE,0,0,0,Data,Opaque data from radiation experiment
201,ADCSLog,B201,8,-,0,NONE,0,0,0,Data,Opaque data from radiation experiment
202,ADCSLog,B202,8,-,0,NONE,0,0,0,Data,Opaque data from radiation experiment
203,ADCSLog,B203,8,-,0,NONE,0,0,0,Data,Opaque data from radiation experiment
204,ADCSLog,B204,8,-,0,NONE,0,0,0,Data,Opaque data from radiation experiment
205,ADCSLog,B205,8,-,0,NONE,0,0,0,Data,Opaque data from radiation experiment
206,ADCSLog,B206,8,-,0,NONE,0,0,0,Data,Opaque data from radiation experiment
207,ADCSLog,B207,8,-,0,NONE,0,0,0,Data,Opaque data from radiation experiment
208,ADCSLog,B208,8,-,0,NONE,0,0,0,Data,Opaque data from radiation experiment
209,ADCSLog,B209,8,-,0,NONE,0,0,0,Data,Opaque data from radiation experiment
210,ADCSLog,B210,8,-,0,NONE,0,0,0,Data,Opaque data from radiation experiment
211,ADCSLog,B211,8,-,0,NONE,0,0,0,Data,Opaque data from radiation experiment
212,ADCSLog,B212,8,-,0,NONE,0,0,0,Data,Opaque data from radiation experiment
213,ADCSLog,B213,8,-,0,NONE,0,0,0,Data,Opaque data from radiation experiment
214,ADCSLog,B214,8,-,0,NONE,0,0,0,Data,Opaque data from radiation experiment
215,ADCSLog,B215,8,-,0,NONE,0,0,0,Data,Opaque data from radiation experiment
216,ADCSLog,B216,8,-,0,NONE,0,0,0,Data,Opaque data from radiation experiment
217,ADCSLog,B217,8,-,0,NONE,0,0,0,Data,Opaque data from radiation experiment
218,ADCSLog,B218,8,-,0,NONE,0,0,0,Data,Opaque data from radiation experiment
219,ADCSLog,B219,8,-,0,NONE,0,0,0,Data,Opaque data from radiation experiment
220,ADCSLog,B220,8,-,0,NONE,0,0,0,Data,Opaque data from radiation experiment
221,ADCSLog,B221,8,-,0,NONE,0,0,0,Data,Opaque data from radiation experiment
222,ADCSLog,B222,8,-,0,NONE,0,0,0,Data,Opaque data from radiation experiment
223,ADCSLog,B223,8,-,0,NONE,0,0,0,Data,Opaque data from radiation experiment
224,ADCSLog,B224,8,-,0,NONE,0,0,0,Data,Opaque data from radiation experiment
225,ADCSLog,B225,8,-,0,NONE,0,0,0,Data,Opaque data from radiation experiment
226,ADCSLog,B226,8,-,0,NONE,0,0,0,Data,Opaque data from radiation experiment
227,ADCSLog,B227,8,-,0,NONE,0,0,0,Data,Opaque data from radiation experiment
228,ADCSLog,B228,8,-,0,NONE,0,0,0,Data,Opaque data from radiation experiment
229,ADCSLog,B229,8,-,0,NONE,0,0,0,Data,Opaque data from radiation experiment
230,ADCSLog,B230,8,-,0,NONE,0,0,0,Data,Opaque data from radiation experiment
231,ADCSLog,B231,8,-,0,NONE,0,0,0,Data,Opaque data from radiation experiment
232,ADCSLog,B232,8,-,0,NONE,0,0,0,Data,Opaque data from radiation experiment
233,ADCSLog,B233,8,-,0,NONE,0,0,0,Data,Opaque data from radiation experiment
234,ADCSLog,B234,8,-,0,NONE,0,0,0,Data,Opaque data from radiation experiment
235,ADCSLog,B235,8,-,0,NONE,0,0,0,Data,Opaque data from radiation experiment
236,ADCSLog,B236,8,-,0,NONE,0,0,0,Data,Opaque data from radiation experiment
237,ADCSLog,B237,8,-,0,NONE,0,0,0,Data,Opaque data from radiation experiment
238,ADCSLog,B238,8,-,0,NONE,0,0,0,Data,Opaque data from radiation experiment
239,ADCSLog,B239,8,-,0,NONE,0,0,0,Data,Opaque data from radiation experiment
240,ADCSLog,B240,8,-,0,NONE,0,0,0,Data,Opaque data from radiation experiment
241,ADCSLog,B241,8,-,0,NONE,0,0,0,Data,Opaque data from radiation experiment
242,ADCSLog,B242,8,-,0,NONE,0,0,0,Data,Opaque data from radiation experiment
243,ADCSLog,B243,8,-,0,NONE,0,0,0,Data,Opaque data from radiation experiment
244,ADCSLog,B244,8,-,0,NONE,0,0,0,Data,Opaque data from radiation experiment
245,ADCSLog,B245,8,-,0,NONE,0,0,0,Data,Opaque data from radiation experiment
246,ADCSLog,B246,8,-,0,NONE,0,0,0,Data,Opaque data from radiation experiment
247,ADCSLog,B247,8,-,0,NONE,0,0,0,Data,Opaque data from radiation experiment
248,ADCSLog,B248,8,-,0,NONE,0,0,0,Data,Opaque data from radiation experiment
249,ADCSLog,B249,8,-,0,NONE,0,0,0,Data,Opaque data from radiation experiment
250,ADCSLog,B250,8,-,0,NONE,0,0,0,Data,Opaque data from radiation experiment
251,ADCSLog,B251,8,-,0,NONE,0,0,0,Data,Opaque data from radiation experiment
252,ADCSLog,B252,8,-,0,NONE,0,0,0,Data,Opaque data from radiation experiment
253,ADCSLog,B253,8,-,0,NONE,0,0,0,Data,Opaque data from radiation experiment
254,ADCSLog,B254,8,-,0,NONE,0,0,0,Data,Opaque data from radiation experiment
255,ADCSLog,B255,8,-,0,NONE,0,0,0,Data,Opaque data from radiation experiment
256,ADCSLog,B256,8,-,0,NONE,0,0,0,Data,Opaque data from radiation experiment
257,ADCSLog,B257,8,-,0,NONE,0,0,0,Data,Opaque data from radiation experiment
258,ADCSLog,B258,8,-,0,NONE,0,0,0,Data,Opaque data from radiation experiment
259,ADCSLog,B259,8,-,0,NONE,0,0,0,Data,Opaque data from radiation experiment
260,ADCSLog,B260,8,-,0,NONE,0,0,0,Data,Opaque data from radiation experiment
261,ADCSLog,B261,8,-,0,NONE,0,0,0,Data,Opaque data from radiation experiment
262,ADCSLog,B262,8,-,0,NONE,0,0,0,Data,Opaque data from radiation experiment
263,ADCSLog,B263,8,-,0,NONE,0,0,0,Data,Opaque data from radiation experiment
264,ADCSLog,B264,8,-,0,NONE,0,0,0,Data,Opaque data from radiation experiment
265,ADCSLog,B265,8,-,0,NONE,0,0,0,Data,Opaque data from radiation experiment
266,ADCSLog,B266,8,-,0,NONE,0,0,0,Data,Opaque data from radiation experiment
267,ADCSLog,B267,8,-,0,NONE,0,0,0,Data,Opaque data from radiation experiment
268,ADCSLog,B268,8,-,0,NONE,0,0,0,Data,Opaque data from radiation experiment
269,ADCSLog,B269,8,-,0,NONE,0,0,0,Data,Opaque data from radiation experiment
270,ADCSLog,B270,8,-,0,NONE,0,0,0,Data,Opaque data from radiation experiment
271,ADCSLog,B271,8,-,0,NONE,0,0,0,Data,Opaque data from radiation experiment
272,ADCSLog,B272,8,-,0,NONE,0,0,0,Data,Opaque data from radiation experiment
273,ADCSLog,B273,8,-,0,NONE,0,0,0,Data,Opaque data from radiation experiment
274,ADCSLog,B274,8,-,0,NONE,0,0,0,Data,Opaque data from radiation experiment
275,ADCSLog,B275,8,-,0,NONE,0,0,0,Data,Opaque data from radiation experiment
276,ADCSLog,B276,8,-,0,NONE,0,0,0,Data,Opaque data from radiation experiment
277,ADCSLog,B277,8,-,0,NONE,0,0,0,Data,Opaque data from radiation experiment
278,ADCSLog,B278,8,-,0,NONE,0,0,0,Data,Opaque data from radiation experiment
279,ADCSLog,B279,8,-,0,NONE,0,0,0,Data,Opaque data from radiation experiment
280,ADCSLog,B280,8,-,0,NONE,0,0,0,Data,Opaque data from radiation experiment
281,ADCSLog,B281,8,-,0,NONE,0,0,0,Data,Opaque data from radiation experiment
282,ADCSLog,B282,8,-,0,NONE,0,0,0,Data,Opaque data from radiation experiment
283,ADCSLog,B283,8,-,0,NONE,0,0,0,Data,Opaque data from radiation experiment
284,ADCSLog,B284,8,-,0,NONE,0,0,0,Data,Opaque data from radiation experiment
285,ADCSLog,B285,8,-,0,NONE,0,0,0,Data,Opaque data from radiation experiment
286,ADCSLog,B286,8,-,0,NONE,0,0,0,Data,Opaque data from radiation experiment
287,ADCSLog,B287,8,-,0,NONE,0,0,0,Data,Opaque data from radiation experiment
288,ADCSLog,B288,8,-,0,NONE,0,0,0,Data,Opaque data from radiation experiment
289,ADCSLog,B289,8,-,0,NONE,0,0,0,Data,Opaque data from radiation experiment
290,ADCSLog,B290,8,-,0,NONE,0,0,0,Data,Opaque data from radiation experiment
291,ADCSLog,B291,8,-,0,NONE,0,0,0,Data,Opaque data from radiation experiment
292,ADCSLog,B292,8,-,0,NONE,0,0,0,Data,Opaque data from radiation experiment
293,ADCSLog,B293,8,-,0,NONE,0,0,0,Data,Opaque data from radiation experiment
294,ADCSLog,B294,8,-,0,NONE,0,0,0,Data,Opaque data from radiation experiment
295,ADCSLog,B295,8,-,0,NONE,0,0,0,Data,Opaque data from radiation experiment
296,ADCSLog,B296,8,-,0,NONE,0,0,0,Data,Opaque data from radiation experiment
297,ADCSLog,B297,8,-,0,NONE,0,0,0,Data,Opaque data from radiation experiment
298,ADCSLog,B298,8,-,0,NONE,0,0,0,Data,Opaque data from radiation experiment
299,ADCSLog,B299,8,-,0,NONE,0,0,0,Data,Opaque data from radiation experiment
300,ADCSLog,B300,8,-,0,NONE,0,0,0,Data,Opaque data from radiation experiment
301,ADCSLog,B301,8,-,0,NONE,0,0,0,Data,Opaque data from radiation experiment
302,ADCSLog,B302,8,-,0,NONE,0,0,0,Data,Opaque data from radiation experiment
303,ADCSLog,B303,8,-,0,NONE,0,0,0,Data,Opaque data from radiation experiment
304,ADCSLog,B304,8,-,0,NONE,0,0,0,Data,Opaque data from radiation experiment
305,ADCSLog,B305,8,-,0,NONE,0,0,0,Data,Opaque data from radiation experiment
306,ADCSLog,B306,8,-,0,NONE,0,0,0,Data,Opaque data from radiation experiment
307,ADCSLog,B307,8,-,0,NONE,0,0,0,Data,Opaque data from radiation experiment
308,ADCSLog,B308,8,-,0,NONE,0,0,0,Data,Opaque data from radiation experiment
309,ADCSLog,B309,8,-,0,NONE,0,0,0,Data,Opaque data from radiation experiment
310,ADCSLog,B310,8,-,0,NONE,0,0,0,Data,Opaque data from radiation experiment
311,ADCSLog,B311,8,-,0,NONE,0,0,0,Data,Opaque data from radiation experiment
312,ADCSLog,B312,8,-,0,NONE,0,0,0,Data,Opaque data from radiation experiment
313,ADCSLog,B313,8,-,0,NONE,0,0,0,Data,Opaque data from radiation experiment
314,ADCSLog,B314,8,-,0,NONE,0,0,0,Data,Opaque data from radiation experiment
315,ADCSLog,B315,8,-,0,NONE,0,0,0,Data,Opaque data from radiation experiment
316,ADCSLog,B316,8,-,0,NONE,0,0,0,Data,Opaque data from radiation experiment
317,ADCSLog,B317,8,-,0,NONE,0,0,0,Data,Opaque data from radiation experiment
318,ADCSLog,B318,8,-,0,NONE,0,0,0,Data,Opaque data from radiation experiment
319,ADCSLog,B319,8,-,0,NONE,0,0,0,Data,Opaque data from radiation experiment
320,ADCSLog,B320,8,-,0,NONE,0,0,0,Data,Opaque data from radiation experiment
321,ADCSLog,B321,8,-,0,NONE,0,0,0,Data,Opaque data from radiation experiment
322,ADCSLog,B322,8,-,0,NONE,0,0,0,Data,Opaque data from radiation experiment
323,ADCSLog,B323,8,-,0,NONE,0,0,0,Data,Opaque data from radiation experiment
324,ADCSLog,B324,8,-,0,NONE,0,0,0,Data,Opaque data from radiation experiment
325,ADCSLog,B325,8,-,0,NONE,0,0,0,Data,Opaque data from radiation experiment
326,ADCSLog,B326,8,-,0,NONE,0,0,0,Data,Opaque data from radiation experiment
327,ADCSLog,B327,8,-,0,NONE,0,0,0,Data,Opaque data from radiation experiment
328,ADCSLog,B328,8,-,0,NONE,0,0,0,Data,Opaque data from radiation experiment
329,ADCSLog,B329,8,-,0,NONE,0,0,0,Data,Opaque data from radiation experiment
330,ADCSLog,B330,8,-,0,NONE,0,0,0,Data,Opaque data from radiation experiment
331,ADCSLog,B331,8,-,0,NONE,0,0,0,Data,Opaque data from radiation experiment
332,ADCSLog,B332,8,-,0,NONE,0,0,0,Data,Opaque data from radiation experiment
333,ADCSLog,B333,8,-,0,NONE,0,0,0,Data,Opaque data from radiation experiment
334,ADCSLog,B334,8,-,0,NONE,0,0,0,Data,Opaque data from radiation experiment
335,ADCSLog,B335,8,-,0,NONE,0,0,0,Data,Opaque data from radiation experiment
336,ADCSLog,B336,8,-,0,NONE,0,0,0,Data,Opaque data from radiation experiment
337,ADCSLog,B337,8,-,0,NONE,0,0,0,Data,Opaque data from radiation experiment
338,ADCSLog,B338,8,-,0,NONE,0,0,0,Data,Opaque data from radiation experiment
339,ADCSLog,B339,8,-,0,NONE,0,0,0,Data,Opaque data from radiation experiment
340,ADCSLog,B340,8,-,0,NONE,0,0,0,Data,Opaque data from radiation experiment
341,ADCSLog,B341,8,-,0,NONE,0,0,0,Data,Opaque data from radiation experiment
342,ADCSLog,B342,8,-,0,NONE,0,0,0,Data,Opaque data from radiation experiment
343,ADCSLog,B343,8,-,0,NONE,0,0,0,Data,Opaque data from radiation experiment
344,ADCSLog,B344,8,-,0,NONE,0,0,0,Data,Opaque data from radiation experiment
345,ADCSLog,B345,8,-,0,NONE,0,0,0,Data,Opaque data from radiation experiment
346,ADCSLog,B346,8,-,0,NONE,0,0,0,Data,Opaque data from radiation experiment
347,ADCSLog,B347,8,-,0,NONE,0,0,0,Data,Opaque data from radiation experiment
348,ADCSLog,B348,8,-,0,NONE,0,0,0,Data,Opaque data from radiation experiment
349,ADCSLog,B349,8,-,0,NONE,0,0,0,Data,Opaque data from radiation experiment
350,ADCSLog,B350,8,-,0,NONE,0,0,0,Data,Opaque data from radiation experiment
351,ADCSLog,B351,8,-,0,NONE,0,0,0,Data,Opaque data from radiation experiment
352,ADCSLog,B352,8,-,0,NONE,0,0,0,Data,Opaque data from radiation experiment
353,ADCSLog,B353,8,-,0,NONE,0,0,0,Data,Opaque data from radiation experiment
354,ADCSLog,B354,8,-,0,NONE,0,0,0,Data,Opaque data from radiation experiment
355,ADCSLog,B355,8,-,0,NONE,0,0,0,Data,Opaque data from radiation experiment
356,ADCSLog,B356,8,-,0,NONE,0,0,0,Data,Opaque data from radiation experiment
357,ADCSLog,B357,8,-,0,NONE,0,0,0,Data,Opaque data from radiation experiment
358,ADCSLog,B358,8,-,0,NONE,0,0,0,Data,Opaque data from radiation experiment
359,ADCSLog,B359,8,-,0,NONE,0,0,0,Data,Opaque data from radiation experiment
360,ADCSLog,B360,8,-,0,NONE,0,0,0,Data,Opaque data from radiation experiment
361,ADCSLog,B361,8,-,0,NONE,0,0,0,Data,Opaque data from radiation experiment
362,ADCSLog,B362,8,-,0,NONE,0,0,0,Data,Opaque data from radiation experiment
363,ADCSLog,B363,8,-,0,NONE,0,0,0,Data,Opaque data from radiation experiment
364,ADCSLog,B364,8,-,0,NONE,0,0,0,Data,Opaque data from radiation experiment
365,ADCSLog,B365,8,-,0,NONE,0,0,0,Data,Opaque data from radiation experiment
366,ADCSLog,B366,8,-,0,NONE,0,0,0,Data,Opaque data from radiation experiment
367,ADCSLog,B367,8,-,0,NONE,0,0,0,Data,Opaque data from radiation experiment
368,ADCSLog,B368,8,-,0,NONE,0,0,0,Data,Opaque data from radiation experiment
369,ADCSLog,B369,8,-,0,NONE,0,0,0,Data,Opaque data from radiation experiment
370,ADCSLog,B370,8,-,0,NONE,0,0,0,Data,Opaque data from radiation experiment
371,ADCSLog,B371,8,-,0,NONE,0,0,0,Data,Opaque data from radiation experiment
372,ADCSLog,B372,8,-,0,NONE,0,0,0,Data,Opaque data from radiation experiment
373,ADCSLog,B373,8,-,0,NONE,0,0,0,Data,Opaque data from radiation experiment
374,ADCSLog,B374,8,-,0,NONE,0,0,0,Data,Opaque data from radiation experiment
375,ADCSLog,B375,8,-,0,NONE,0,0,0,Data,Opaque data from radiation experiment
376,ADCSLog,B376,8,-,0,NONE,0,0,0,Data,Opaque data from radiation experiment
377,ADCSLog,B377,8,-,0,NONE,0,0,0,Data,Opaque data from radiation experiment
378,ADCSLog,B378,8,-,0,NONE,0,0,0,Data,Opaque data from radiation experiment
379,ADCSLog,B379,8,-,0,NONE,0,0,0,Data,Opaque data from radiation experiment
380,ADCSLog,B380,8,-,0,NONE,0,0,0,Data,Opaque data from radiation experiment
381,ADCSLog,B381,8,-,0,NONE,0,0,0,Data,Opaque data from radiation experiment
382,ADCSLog,B382,8,-,0,NONE,0,0,0,Data,Opaque data from radiation experiment
383,ADCSLog,B383,8,-,0,NONE,0,0,0,Data,Opaque data from radiation experiment
384,ADCSLog,B384,8,-,0,NONE,0,0,0,Data,Opaque data from radiation experiment
385,ADCSLog,B385,8,-,0,NONE,0,0,0,Data,Opaque data from radiation experiment
386,ADCSLog,B386,8,-,0,NONE,0,0,0,Data,Opaque data from radiation experiment
387,ADCSLog,B387,8,-,0,NONE,0,0,0,Data,Opaque data from radiation experiment
388,ADCSLog,B388,8,-,0,NONE,0,0,0,Data,Opaque data from radiation experiment
389,ADCSLog,B389,8,-,0,NONE,0,0,0,Data,Opaque data from radiation experiment
390,ADCSLog,B390,8,-,0,NONE,0,0,0,Data,Opaque data from radiation experiment
391,ADCSLog,B391,8,-,0,NONE,0,0,0,Data,Opaque data from radiation experiment
392,ADCSLog,B392,8,-,0,NONE,0,0,0,Data,Opaque data from radiation experiment
393,ADCSLog,B393,8,-,0,NONE,0,0,0,Data,Opaque data from radiation experiment
394,ADCSLog,B394,8,-,0,NONE,0,0,0,Data,Opaque data from radiation experiment
395,ADCSLog,B395,8,-,0,NONE,0,0,0,Data,Opaque data from radiation experiment
396,ADCSLog,B396,8,-,0,NONE,0,0,0,Data,Opaque data from radiation experiment
397,ADCSLog,B397,8,-,0,NONE,0,0,0,Data,Opaque data from radiation experiment
398,ADCSLog,B398,8,-,0,NONE,0,0,0,Data,Opaque data from radiation experiment
399,ADCSLog,B399,8,-,0,NONE,0,0,0,Data,Opaque data from radiation experiment
400,ADCSLog,B400,8,-,0,NONE,0,0,0,Data,Opaque data from radiation experiment
401,ADCSLog,B401,8,-,0,NONE,0,0,0,Data,Opaque data from radiation experiment
402,ADCSLog,B402,8,-,0,NONE,0,0,0,Data,Opaque data from radiation experiment
403,ADCSLog,B403,8,-,0,NONE,0,0,0,Data,Opaque data from radiation experiment
404,ADCSLog,B404,8,-,0,NONE,0,0,0,Data,Opaque data from radiation experiment
405,ADCSLog,B405,8,-,0,NONE,0,0,0,Data,Opaque data from radiation experiment
406,ADCSLog,B406,8,-,0,NONE,0,0,0,Data,Opaque data from radiation experiment
407,ADCSLog,B407,8,-,0,NONE,0,0,0,Data,Opaque data from radiation experiment
408,ADCSLog,B408,8,-,0,NONE,0,0,0,Data,Opaque data from radiation experiment
409,ADCSLog,B409,8,-,0,NONE,0,0,0,Data,Opaque data from radiation experiment
410,ADCSLog,B410,8,-,0,NONE,0,0,0,Data,Opaque data from radiation experiment
411,ADCSLog,B411,8,-,0,NONE,0,0,0,Data,Opaque data from radiation experiment
412,ADCSLog,B412,8,-,0,NONE,0,0,0,Data,Opaque data from radiation experiment
413,ADCSLog,B413,8,-,0,NONE,0,0,0,Data,Opaque data from radiation experiment
414,ADCSLog,B414,8,-,0,NONE,0,0,0,Data,Opaque data from radiation experiment
415,ADCSLog,B415,8,-,0,NONE,0,0,0,Data,Opaque data from radiation experiment
416,ADCSLog,B416,8,-,0,NONE,0,0,0,Data,Opaque data from radiation experiment
417,ADCSLog,B417,8,-,0,NONE,0,0,0,Data,Opaque data from radiation experiment
418,ADCSLog,B418,8,-,0,NONE,0,0,0,Data,Opaque data from radiation experiment
419,ADCSLog,B419,8,-,0,NONE,0,0,0,Data,Opaque data from radiation experiment
420,ADCSLog,B420,8,-,0,NONE,0,0,0,Data,Opaque data from radiation experiment
421,ADCSLog,B421,8,-,0,NONE,0,0,0,Data,Opaque data from radiation experiment
422,ADCSLog,B422,8,-,0,NONE,0,0,0,Data,Opaque data from radiation experiment
423,ADCSLog,B423,8,-,0,NONE,0,0,0,Data,Opaque data from radiation experiment
424,ADCSLog,B424,8,-,0,NONE,0,0,0,Data,Opaque data from radiation experiment
425,ADCSLog,B425,8,-,0,NONE,0,0,0,Data,Opaque data from radiation experiment
426,ADCSLog,B426,8,-,0,NONE,0,0,0,Data,Opaque data from radiation experiment
427,ADCSLog,B427,8,-,0,NONE,0,0,0,Data,Opaque data from radiation experiment
428,ADCSLog,B428,8,-,0,NONE,0,0,0,Data,Opaque data from radiation experiment
429,ADCSLog,B429,8,-,0,NONE,0,0,0,Data,Opaque data from radiation experiment
430,ADCSLog,B430,8,-,0,NONE,0,0,0,Data,Opaque data from radiation experiment
431,ADCSLog,B431,8,-,0,NONE,0,0,0,Data,Opaque data from radiation experiment
432,ADCSLog,B432,8,-,0,NONE,0,0,0,Data,Opaque data from radiation experiment
433,ADCSLog,B433,8,-,0,NONE,0,0,0,Data,Opaque data from radiation experiment
434,ADCSLog,B434,8,-,0,NONE,0,0,0,Data,Opaque data from radiation experiment
435,ADCSLog,B435,8,-,0,NONE,0,0,0,Data,Opaque data from radiation experiment
436,ADCSLog,B436,8,-,0,NONE,0,0,0,Data,Opaque data from radiation experiment
437,ADCSLog,B437,8,-,0,NONE,0,0,0,Data,Opaque data from radiation experiment
438,ADCSLog,B438,8,-,0,NONE,0,0,0,Data,Opaque data from radiation experiment
439,ADCSLog,B439,8,-,0,NONE,0,0,0,Data,Opaque data from radiation experiment
440,ADCSLog,B440,8,-,0,NONE,0,0,0,Data,Opaque data from radiation experiment
441,ADCSLog,B441,8,-,0,NONE,0,0,0,Data,Opaque data from radiation experiment
442,ADCSLog,B442,8,-,0,NONE,0,0,0,Data,Opaque data from radiation experiment
443,ADCSLog,B443,8,-,0,NONE,0,0,0,Data,Opaque data from radiation experiment
444,ADCSLog,B444,8,-,0,NONE,0,0,0,Data,Opaque data from radiation experiment
445,ADCSLog,B445,8,-,0,NONE,0,0,0,Data,Opaque data from radiation experiment
446,ADCSLog,B446,8,-,0,NONE,0,0,0,Data,Opaque data from radiation experiment
447,ADCSLog,B447,8,-,0,NONE,0,0,0,Data,Opaque data from radiation experiment
448,ADCSLog,B448,8,-,0,NONE,0,0,0,Data,Opaque data from radiation experiment
449,ADCSLog,B449,8,-,0,NONE,0,0,0,Data,Opaque data from radiation experiment
450,ADCSLog,B450,8,-,0,NONE,0,0,0,Data,Opaque data from radiation experiment
451,ADCSLog,B451,8,-,0,NONE,0,0,0,Data,Opaque data from radiation experiment
452,ADCSLog,B452,8,-,0,NONE,0,0,0,Data,Opaque data from radiation experiment
453,ADCSLog,B453,8,-,0,NONE,0,0,0,Data,Opaque data from radiation experiment
454,ADCSLog,B454,8,-,0,NONE,0,0,0,Data,Opaque data from radiation experiment
455,ADCSLog,B455,8,-,0,NONE,0,0,0,Data,Opaque data from radiation experiment
456,ADCSLog,B456,8,-,0,NONE,0,0,0,Data,Opaque data from radiation experiment
457,ADCSLog,B457,8,-,0,NONE,0,0,0,Data,Opaque data from radiation experiment
458,ADCSLog,B458,8,-,0,NONE,0,0,0,Data,Opaque data from radiation experiment
459,ADCSLog,B459,8,-,0,NONE,0,0,0,Data,Opaque data from radiation experiment
460,ADCSLog,B460,8,-,0,NONE,0,0,0,Data,Opaque data from radiation experiment
461,ADCSLog,B461,8,-,0,NONE,0,0,0,Data,Opaque data from radiation experiment
462,ADCSLog,B462,8,-,0,NONE,0,0,0,Data,Opaque data from radiation experiment
463,ADCSLog,B463,8,-,0,NONE,0,0,0,Data,Opaque data from radiation experiment
464,ADCSLog,B464,8,-,0,NONE,0,0,0,Data,Opaque data from radiation experiment
465,ADCSLog,B465,8,-,0,NONE,0,0,0,Data,Opaque data from radiation experiment
466,ADCSLog,B466,8,-,0,NONE,0,0,0,Data,Opaque data from radiation experiment
467,ADCSLog,B467,8,-,0,NONE,0,0,0,Data,Opaque data from radiation experiment
468,ADCSLog,B468,8,-,0,NONE,0,0,0,Data,Opaque data from radiation experiment
469,ADCSLog,B469,8,-,0,NONE,0,0,0,Data,Opaque data from radiation experiment
470,ADCSLog,B470,8,-,0,NONE,0,0,0,Data,Opaque data from radiation experiment
471,ADCSLog,B471,8,-,0,NONE,0,0,0,Data,Opaque data from radiation experiment
472,ADCSLog,B472,8,-,0,NONE,0,0,0,Data,Opaque data from radiation experiment
473,ADCSLog,B473,8,-,0,NONE,0,0,0,Data,Opaque data from radiation experiment
474,ADCSLog,B474,8,-,0,NONE,0,0,0,Data,Opaque data from radiation experiment
475,ADCSLog,B475,8,-,0,NONE,0,0,0,Data,Opaque data from radiation experiment
476,ADCSLog,B476,8,-,0,NONE,0,0,0,Data,Opaque data from radiation experiment
477,ADCSLog,B477,8,-,0,NONE,0,0,0,Data,Opaque data from radiation experiment
478,ADCSLog,B478,8,-,0,NONE,0,0,0,Data,Opaque data from radiation experiment
479,ADCSLog,B479,8,-,0,NONE,0,0,0,Data,Opaque data from radiation experiment
480,ADCSLog,B480,8,-,0,NONE,0,0,0,Data,Opaque data from radiation experiment
481,ADCSLog,B481,8,-,0,NONE,0,0,0,Data,Opaque data from radiation experiment
482,ADCSLog,B482,8,-,0,NONE,0,0,0,Data,Opaque data from radiation experiment
483,ADCSLog,B483,8,-,0,NONE,0,0,0,Data,Opaque data from radiation experiment
484,ADCSLog,B484,8,-,0,NONE,0,0,0,Data,Opaque data from radiation experiment
485,ADCSLog,B485,8,-,0,NONE,0,0,0,Data,Opaque data from radiation experiment
486,ADCSLog,B486,8,-,0,NONE,0,0,0,Data,Opaque data from radiation experiment
487,ADCSLog,B487,8,-,0,NONE,0,0,0,Data,Opaque data from radiation experiment
488,ADCSLog,B488,8,-,0,NONE,0,0,0,Data,Opaque data from radiation experiment
489,ADCSLog,B489,8,-,0,NONE,0,0,0,Data,Opaque data from radiation experiment
490,ADCSLog,B490,8,-,0,NONE,0,0,0,Data,Opaque data from radiation experiment
491,ADCSLog,B491,8,-,0,NONE,0,0,0,Data,Opaque data from radiation experiment
492,ADCSLog,B492,8,-,0,NONE,0,0,0,Data,Opaque data from radiation experiment
493,ADCSLog,B493,8,-,0,NONE,0,0,0,Data,Opaque data from radiation experiment
494,ADCSLog,B494,8,-,0,NONE,0,0,0,Data,Opaque data from radiation experiment
495,ADCSLog,B495,8,-,0,NONE,0,0,0,Data,Opaque data from radiation experiment
496,ADCSLog,B496,8,-,0,NONE,0,0,0,Data,Opaque data from radiation experiment
497,ADCSLog,B497,8,-,0,NONE,0,0,0,Data,Opaque data from radiation experiment
498,ADCSLog,B498,8,-,0,NONE,0,0,0,Data,Opaque data from radiation experiment
499,ADCSLog,B499,8,-,0,NONE,0,0,0,Data,Opaque data from radiation experiment
500,ADCSLog,B500,8,-,0,NONE,0,0,0,Data,Opaque data from radiation experiment
501,ADCSLog,B501,8,-,0,NONE,0,0,0,Data,Opaque data from radiation experiment
502,ADCSLog,B502,8,-,0,NONE,0,0,0,Data,Opaque data from radiation experiment
503,ADCSLog,B503,8,-,0,NONE,0,0,0,Data,Opaque data from radiation experiment
504,ADCSLog,B504,8,-,0,NONE,0,0,0,Data,Opaque data from radiation experiment
505,ADCSLog,B505,8,-,0,NONE,0,0,0,Data,Opaque data from radiation experiment
506,ADCSLog,B506,8,-,0,NONE,0,0,0,Data,Opaque data from radiation experiment
507,ADCSLog,B507,8,-,0,NONE,0,0,0,Data,Opaque data from radiation experiment
508,ADCSLog,B508,8,-,0,NONE,0,0,0,Data,Opaque data from radiation experiment
509,ADCSLog,B509,8,-,0,NONE,0,0,0,Data,Opaque data from radiation experiment
510,ADCSLog,B510,8,-,0,NONE,0,0,0,Data,Opaque data from radiation experiment
511,ADCSLog,B511,8,-,0,NONE,0,0,0,Data,Opaque data from radiation experiment
512,ADCSLog,B512,8,-,0,NONE,0,0,0,Data,Opaque data from radiation experiment
513,ADCSLog,B513,8,-,0,NONE,0,0,0,Data,Opaque data from radiation experiment
514,ADCSLog,B514,8,-,0,NONE,0,0,0,Data,Opaque data from radiation experiment
515,ADCSLog,B515,8,-,0,NONE,0,0,0,Data,Opaque data from radiation experiment
516,ADCSLog,B516,8,-,0,NONE,0,0,0,Data,Opaque data from radiation experiment
517,ADCSLog,B517,8,-,0,NONE,0,0,0,Data,Opaque data from radiation experiment
518,ADCSLog,B518,8,-,0,NONE,0,0,0,Data,Opaque data from radiation experiment
519,ADCSLog,B519,8,-,0,NONE,0,0,0,Data,Opaque data from radiation experiment
520,ADCSLog,B520,8,-,0,NONE,0,0,0,Data,Opaque data from radiation experiment
521,ADCSLog,B521,8,-,0,NONE,0,0,0,Data,Opaque data from radiation experiment
522,ADCSLog,B522,8,-,0,NONE,0,0,0,Data,Opaque data from radiation experiment
523,ADCSLog,B523,8,-,0,NONE,0,0,0,Data,Opaque data from radiation experiment
524,ADCSLog,B524,8,-,0,NONE,0,0,0,Data,Opaque data from radiation experiment
525,ADCSLog,B525,8,-,0,NONE,0,0,0,Data,Opaque data from radiation experiment
526,ADCSLog,B526,8,-,0,NONE,0,0,0,Data,Opaque data from radiation experiment
527,ADCSLog,B527,8,-,0,NONE,0,0,0,Data,Opaque data from radiation experiment
528,ADCSLog,B528,8,-,0,NONE,0,0,0,Data,Opaque data from radiation experiment
529,ADCSLog,B529,8,-,0,NONE,0,0,0,Data,Opaque data from radiation experiment
530,ADCSLog,B530,8,-,0,NONE,0,0,0,Data,Opaque data from radiation experiment
531,ADCSLog,B531,8,-,0,NONE,0,0,0,Data,Opaque data from radiation experiment
532,ADCSLog,B532,8,-,0,NONE,0,0,0,Data,Opaque data from radiation experiment
533,ADCSLog,B533,8,-,0,NONE,0,0,0,Data,Opaque data from radiation experiment
534,ADCSLog,B534,8,-,0,NONE,0,0,0,Data,Opaque data from radiation experiment
535,ADCSLog,B535,8,-,0,NONE,0,0,0,Data,Opaque data from radiation experiment
536,ADCSLog,B536,8,-,0,NONE,0,0,0,Data,Opaque data from radiation experiment
537,ADCSLog,B537,8,-,0,NONE,0,0,0,Data,Opaque data from radiation experiment
538,ADCSLog,B538,8,-,0,NONE,0,0,0,Data,Opaque data from radiation experiment
539,ADCSLog,B539,8,-,0,NONE,0,0,0,Data,Opaque data from radiation experiment
540,ADCSLog,B540,8,-,0,NONE,0,0,0,Data,Opaque data from radiation experiment
541,ADCSLog,B541,8,-,0,NONE,0,0,0,Data,Opaque data from radiation experiment
542,ADCSLog,B542,8,-,0,NONE,0,0,0,Data,Opaque data from radiation experiment
543,ADCSLog,B543,8,-,0,NONE,0,0,0,Data,Opaque data from radiation experiment
544,ADCSLog,B544,8,-,0,NONE,0,0,0,Data,Opaque data from radiation experiment
545,ADCSLog,B545,8,-,0,NONE,0,0,0,Data,Opaque data from radiation experiment
546,ADCSLog,B546,8,-,0,NONE,0,0,0,Data,Opaque data from radiation experiment
547,ADCSLog,B547,8,-,0,NONE,0,0,0,Data,Opaque data from radiation experiment
548,ADCSLog,B548,8,-,0,NONE,0,0,0,Data,Opaque data from radiation experiment
549,ADCSLog,B549,8,-,0,NONE,0,0,0,Data,Opaque data from radiation experiment
550,ADCSLog,B550,8,-,0,NONE,0,0,0,Data,Opaque data from radiation experiment
551,ADCSLog,B551,8,-,0,NONE,0,0,0,Data,Opaque data from radiation experiment
552,ADCSLog,B552,8,-,0,NONE,0,0,0,Data,Opaque data from radiation experiment
553,ADCSLog,B553,8,-,0,NONE,0,0,0,Data,Opaque data from radiation experiment
554,ADCSLog,B554,8,-,0,NONE,0,0,0,Data,Opaque data from radiation experiment
555,ADCSLog,B555,8,-,0,NONE,0,0,0,Data,Opaque data from radiation experiment
556,ADCSLog,B556,8,-,0,NONE,0,0,0,Data,Opaque data from radiation experiment
557,ADCSLog,B557,8,-,0,NONE,0,0,0,Data,Opaque data from radiation experiment
558,ADCSLog,B558,8,-,0,NONE,0,0,0,Data,Opaque data from radiation experiment
559,ADCSLog,B559,8,-,0,NONE,0,0,0,Data,Opaque data from radiation experiment
560,ADCSLog,B560,8,-,0,NONE,0,0,0,Data,Opaque data from radiation experiment
561,ADCSLog,B561,8,-,0,NONE,0,0,0,Data,Opaque data from radiation experiment
562,ADCSLog,B562,8,-,0,NONE,0,0,0,Data,Opaque data from radiation experiment
563,ADCSLog,B563,8,-,0,NONE,0,0,0,Data,Opaque data from radiation experiment
564,ADCSLog,B564,8,-,0,NONE,0,0,0,Data,Opaque data from radiation experiment
565,ADCSLog,B565,8,-,0,NONE,0,0,0,Data,Opaque data from radiation experiment
566,ADCSLog,B566,8,-,0,NONE,0,0,0,Data,Opaque data from radiation experiment
567,ADCSLog,B567,8,-,0,NONE,0,0,0,Data,Opaque data from radiation experiment
568,ADCSLog,B568,8,-,0,NONE,0,0,0,Data,Opaque data from radiation experiment
569,ADCSLog,B569,8,-,0,NONE,0,0,0,Data,Opaque data from radiation experiment
570,ADCSLog,B570,8,-,0,NONE,0,0,0,Data,Opaque data from radiation experiment
571,ADCSLog,B571,8,-,0,NONE,0,0,0,Data,Opaque data from radiation experiment
572,ADCSLog,B572,8,-,0,NONE,0,0,0,Data,Opaque data from radiation experiment
573,ADCSLog,B573,8,-,0,NONE,0,0,0,Data,Opaque data from radiation experiment
574,ADCSLog,B574,8,-,0,NONE,0,0,0,Data,Opaque data from radiation experiment
575,ADCSLog,B575,8,-,0,NONE,0,0,0,Data,Opaque data from radiation experiment
576,ADCSLog,B576,8,-,0,NONE,0,0,0,Data,Opaque data from radiation experiment
577,ADCSLog,B577,8,-,0,NONE,0,0,0,Data,Opaque data from radiation experiment
578,ADCSLog,B578,8,-,0,NONE,0,0,0,Data,Opaque data from radiation experiment
579,ADCSLog,B579,8,-,0,NONE,0,0,0,Data,Opaque data from radiation experiment
580,ADCSLog,B580,8,-,0,NONE,0,0,0,Data,Opaque data from radiation experiment
581,ADCSLog,B581,8,-,0,NONE,0,0,0,Data,Opaque data from radiation experiment
582,ADCSLog,B582,8,-,0,NONE,0,0,0,Data,Opaque data from radiation experiment
583,ADCSLog,B583,8,-,0,NONE,0,0,0,Data,Opaque data from radiation experiment
584,ADCSLog,B584,8,-,0,NONE,0,0,0,Data,Opaque data from radiation experiment
585,ADCSLog,B585,8,-,0,NONE,0,0,0,Data,Opaque data from radiation experiment
586,ADCSLog,B586,8,-,0,NONE,0,0,0,Data,Opaque data from radiation experiment
587,ADCSLog,B587,8,-,0,NONE,0,0,0,Data,Opaque data from radiation experiment
588,ADCSLog,B588,8,-,0,NONE,0,0,0,Data,Opaque data from radiation experiment
589,ADCSLog,B589,8,-,0,NONE,0,0,0,Data,Opaque data from radiation experiment
590,ADCSLog,B590,8,-,0,NONE,0,0,0,Data,Opaque data from radiation experiment
591,ADCSLog,B591,8,-,0,NONE,0,0,0,Data,Opaque data from radiation experiment
592,ADCSLog,B592,8,-,0,NONE,0,0,0,Data,Opaque data from radiation experiment
593,ADCSLog,B593,8,-,0,NONE,0,0,0,Data,Opaque data from radiation experiment
594,ADCSLog,B594,8,-,0,NONE,0,0,0,Data,Opaque data from radiation experiment
595,ADCSLog,B595,8,-,0,NONE,0,0,0,Data,Opaque data from radiation experiment
596,ADCSLog,B596,8,-,0,NONE,0,0,0,Data,Opaque data from radiation experiment
597,ADCSLog,B597,8,-,0,NONE,0,0,0,Data,Opaque data from radiation experiment
598,ADCSLog,B598,8,-,0,NONE,0,0,0,Data,Opaque data from radiation experiment
599,ADCSLog,B599,8,-,0,NONE,0,0,0,Data,Opaque data from radiation experiment
600,ADCSLog,B600,8,-,0,NONE,0,0,0,Data,Opaque data from radiation experiment
601,ADCSLog,B601,8,-,0,NONE,0,0,0,Data,Opaque data from radiation experiment
602,ADCSLog,B602,8,-,0,NONE,0,0,0,Data,Opaque data from radiation experiment
603,ADCSLog,B603,8,-,0,NONE,0,0,0,Data,Opaque data from radiation experiment
604,ADCSLog,B604,8,-,0,NONE,0,0,0,Data,Opaque data from radiation experiment
605,ADCSLog,B605,8,-,0,NONE,0,0,0,Data,Opaque data from radiation experiment
606,ADCSLog,B606,8,-,0,NONE,0,0,0,Data,Opaque data from radiation experiment
607,ADCSLog,B607,8,-,0,NONE,0,0,0,Data,Opaque data from radiation experiment
608,ADCSLog,B608,8,-,0,NONE,0,0,0,Data,Opaque data from radiation experiment
609,ADCSLog,B609,8,-,0,NONE,0,0,0,Data,Opaque data from radiation experiment
610,ADCSLog,B610,8,-,0,NONE,0,0,0,Data,Opaque data from radiation experiment
611,ADCSLog,B611,8,-,0,NONE,0,0,0,Data,Opaque data from radiation experiment
612,ADCSLog,B612,8,-,0,NONE,0,0,0,Data,Opaque data from radiation experiment
613,ADCSLog,B613,8,-,0,NONE,0,0,0,Data,Opaque data from radiation experiment
614,ADCSLog,B614,8,-,0,NONE,0,0,0,Data,Opaque data from radiation experiment
615,ADCSLog,B615,8,-,0,NONE,0,0,0,Data,Opaque data from radiation experiment
616,ADCSLog,B616,8,-,0,NONE,0,0,0,Data,Opaque data from radiation experiment
617,ADCSLog,B617,8,-,0,NONE,0,0,0,Data,Opaque data from radiation experiment
618,ADCSLog,B618,8,-,0,NONE,0,0,0,Data,Opaque data from radiation experiment
619,ADCSLog,B619,8,-,0,NONE,0,0,0,Data,Opaque data from radiation experiment
620,ADCSLog,B620,8,-,0,NONE,0,0,0,Data,Opaque data from radiation experiment
621,ADCSLog,B621,8,-,0,NONE,0,0,0,Data,Opaque data from radiation experiment
622,ADCSLog,B622,8,-,0,NONE,0,0,0,Data,Opaque data from radiation experiment
623,ADCSLog,B623,8,-,0,NONE,0,0,0,Data,Opaque data from radiation experiment
624,ADCSLog,B624,8,-,0,NONE,0,0,0,Data,Opaque data from radiation experiment
625,ADCSLog,B625,8,-,0,NONE,0,0,0,Data,Opaque data from radiation experiment
626,ADCSLog,B626,8,-,0,NONE,0,0,0,Data,Opaque data from radiation experiment
627,ADCSLog,B627,8,-,0,NONE,0,0,0,Data,Opaque data from radiation experiment
628,ADCSLog,B628,8,-,0,NONE,0,0,0,Data,Opaque data from radiation experiment
629,ADCSLog,B629,8,-,0,NONE,0,0,0,Data,Opaque data from radiation experiment
630,ADCSLog,B630,8,-,0,NONE,0,0,0,Data,Opaque data from radiation experiment
631,ADCSLog,B631,8,-,0,NONE,0,0,0,Data,Opaque data from radiation experiment
632,ADCSLog,B632,8,-,0,NONE,0,0,0,Data,Opaque data from radiation experiment
633,ADCSLog,B633,8,-,0,NONE,0,0,0,Data,Opaque data from radiation experiment
634,ADCSLog,B634,8,-,0,NONE,0,0,0,Data,Opaque data from radiation experiment
635,ADCSLog,B635,8,-,0,NONE,0,0,0,Data,Opaque data from radiation experiment
636,ADCSLog,B636,8,-,0,NONE,0,0,0,Data,Opaque data from radiation experiment
637,ADCSLog,B637,8,-,0,NONE,0,0,0,Data,Opaque data from radiation experiment
638,ADCSLog,B638,8,-,0,NONE,0,0,0,Data,Opaque data from radiation experiment
639,ADCSLog,B639,8,-,0,NONE,0,0,0,Data,Opaque data from radiation experiment
640,ADCSLog,B640,8,-,0,NONE,0,0,0,Data,Opaque data from radiation experiment
641,ADCSLog,B641,8,-,0,NONE,0,0,0,Data,Opaque data from radiation experiment
642,ADCSLog,B642,8,-,0,NONE,0,0,0,Data,Opaque data from radiation experiment
643,ADCSLog,B643,8,-,0,NONE,0,0,0,Data,Opaque data from radiation experiment
644,ADCSLog,B644,8,-,0,NONE,0,0,0,Data,Opaque data from radiation experiment
645,ADCSLog,B645,8,-,0,NONE,0,0,0,Data,Opaque data from radiation experiment
646,ADCSLog,WODTimestampReset,16,-,1,ADCSLog,1,1,0,LogType,ADCS Log Type
647,ADCSLog,WODTimestampUptime,32,sec,1,ADCSLog,1,2,0,LogFrameNumber,Log Frame Number
